id,category,brand,type,model,buyer,number,price,seller,date,time,total_price
3921650,磁盘阵列高档,inspur浪潮,AS18000,"inspur浪潮, AS18000",北京交通大学,1,977556.0,北京华航创新科技有限责任公司,2016-03-16,10:03:41,977556.0
3921520,磁盘阵列高档,长城,MS 3860F,"长城, MS 3860F",北京一三一八单位,2,115000.0,北京森泰广信科技有限公司,2016-05-25,19:25:21,230000.0
3921352,磁盘阵列高档,戴尔,Dell Compellent SC8000,"戴尔, Dell Compellent SC8000",国家测绘地理信息局第三地理信息制图院（四川省第二测绘地理信息工程院）,1,639581.0,四川普瑞赛斯信息技术咨询有限公司,2016-08-04,11:43:03,639581.0
3921352,磁盘阵列高档,戴尔,Dell Compellent SC8000,"戴尔, Dell Compellent SC8000",上海国家会计学院,1,639581.0,上海中隽电子科技发展有限公司,2016-06-16,13:47:20,639581.0
3921352,磁盘阵列高档,戴尔,Dell Compellent SC8000,"戴尔, Dell Compellent SC8000",四川省遥感信息测绘院,1,639500.0,四川普瑞赛斯信息技术咨询有限公司,2016-05-27,09:02:22,639500.0
3921352,磁盘阵列高档,戴尔,Dell Compellent SC8000,"戴尔, Dell Compellent SC8000",中华人民共和国北京出入境检验检疫局,1,639581.0,北京众和永业科技发展有限公司,2016-04-21,16:39:07,639581.0
3920609,磁盘阵列高档,ChangHong,ChangHong FAS8040,"ChangHong, ChangHong FAS8040",华东理工大学,1,880000.0,广东三盟科技股份有限公司,2016-06-08,14:44:35,880000.0
3920609,磁盘阵列高档,ChangHong,ChangHong FAS8040,"ChangHong, ChangHong FAS8040",华北电力大学,1,880000.0,北京友邦佳通电子科技有限公司,2016-05-13,09:18:05,880000.0
3919362,磁盘阵列高档,曙光,DS800-G,"曙光, DS800-G",中国科学院自动化研究所,1,304980.0,北京众和永业科技发展有限公司,2016-06-08,15:47:53,304980.0
3919362,磁盘阵列高档,曙光,DS800-G,"曙光, DS800-G",中华版权代理中心,1,304980.0,北京新伟佳业科技有限公司,2016-05-11,11:32:16,304980.0
3919362,磁盘阵列高档,曙光,DS800-G,"曙光, DS800-G",中国科学院国家授时中心,1,304980.0,西安志诚电子有限责任公司,2016-05-10,13:56:08,304980.0
3919362,磁盘阵列高档,曙光,DS800-G,"曙光, DS800-G",中国科学院微生物研究所,1,124000.0,北京广和科技有限公司,2016-05-09,12:15:16,124000.0
3919163,磁盘阵列高档,DCN,NCS4700,"DCN, NCS4700",中华人民共和国广州海关,1,369150.0,广州腾方科技有限公司,2016-08-09,17:54:12,369150.0
3918744,磁盘阵列高档,EMC,VNX5800,"EMC, VNX5800",华东理工大学,1,384563.0,北京神州数码有限公司-存储事业部-EMC,2016-06-08,14:00:31,384563.0
3918744,磁盘阵列高档,EMC,VNX5800,"EMC, VNX5800",华北电力大学（保定）,1,384563.0,河北宇易电子科技有限公司,2016-06-08,09:07:37,384563.0
3918736,磁盘阵列高档,海康威视,DS-A82060D,"海康威视, DS-A82060D",中国科学院自动化研究所,1,74220.0,北京中宇盛世科技有限公司,2016-08-11,14:08:25,74220.0
3918736,磁盘阵列高档,海康威视,DS-A82060D,"海康威视, DS-A82060D",中华人民共和国南疆出入境边防检查站,2,75000.0,天津睿卓科技有限公司,2016-07-13,09:03:03,150000.0
3918736,磁盘阵列高档,海康威视,DS-A82060D,"海康威视, DS-A82060D",满洲里海关(总关),1,75000.0,内蒙古百思通科技有限公司,2016-06-01,09:20:11,75000.0
3917875,磁盘阵列高档,NetStor,NCS7000,"NetStor, NCS7000",审计署计算机技术中心,3,391000.0,北京微昂科技有限公司,2016-05-04,14:29:22,1173000.0
3917579,磁盘阵列高档,紫光,UStor C6816,"紫光, UStor C6816",中国科学院过程工程研究所,1,209998.0,无锡紫光存储系统有限公司,2016-07-20,11:52:54,209998.0
3917511,磁盘阵列高档,华为,OceanStor 18500 V3+512GB 缓存,"华为, OceanStor 18500 V3+512GB 缓存",中国科学院南海海洋研究所,1,899385.82,广州宇拓信息科技有限公司,2016-07-20,11:57:56,899385.82
3917511,磁盘阵列高档,华为,OceanStor 18500 V3+512GB 缓存,"华为, OceanStor 18500 V3+512GB 缓存",最高人民检察院计划财务装备局器材装备处,1,899385.82,北京傲腾基业科技有限公司,2016-04-26,14:06:49,899385.82
3917188,磁盘阵列高档,惠普,HP StoreServ 8400,"惠普, HP StoreServ 8400",中国科学院高能物理研究所,1,569800.0,北京中达恒业科技发展有限公司,2016-08-16,14:24:17,569800.0
3917188,磁盘阵列高档,惠普,HP StoreServ 8400,"惠普, HP StoreServ 8400",国家海洋局东海信息中心,1,599800.0,上海蕊心信息科技有限公司,2016-05-26,10:49:53,599800.0
3916866,磁盘阵列高档,超云,NS5000,"超云, NS5000",大连海事大学,1,300000.0,大连高捷施科技有限公司,2016-05-12,09:18:51,300000.0
3916260,磁盘阵列高档,MacroSAN（宏杉）,MS5520,"MacroSAN（宏杉）, MS5520",华北电力大学,1,314900.0,北京友邦佳通电子科技有限公司,2016-06-12,14:20:06,314900.0
3916260,磁盘阵列高档,MacroSAN（宏杉）,MS5520,"MacroSAN（宏杉）, MS5520",中国土地勘测规划院,1,314900.0,北京鑫台华科技有限公司,2016-05-31,13:30:54,314900.0
3916260,磁盘阵列高档,MacroSAN（宏杉）,MS5520,"MacroSAN（宏杉）, MS5520",交通运输部科学研究院,1,314000.0,深圳市齐普生科技股份有限公司,2016-05-16,09:18:24,314000.0
3916260,磁盘阵列高档,MacroSAN（宏杉）,MS5520,"MacroSAN（宏杉）, MS5520",中国银行业监督管理委员会山西监管局,1,216000.0,山西锦程永信科技有限公司,2016-05-12,16:49:14,216000.0
3921653,磁盘阵列中档,inspur浪潮,AS8000-M2,"inspur浪潮, AS8000-M2",国家留学基金管理委员会,1,320000.0,北京九州网域科技发展有限公司,2016-06-12,08:48:05,320000.0
3921353,磁盘阵列中档,戴尔,Dell Storage SC4020,"戴尔, Dell Storage SC4020",中华人民共和国北仑海关,1,335164.0,宁波市中欣数码科技有限公司,2016-07-19,15:35:02,335164.0
3921353,磁盘阵列中档,戴尔,Dell Storage SC4020,"戴尔, Dell Storage SC4020",上海国家会计学院,1,335164.0,上海中隽电子科技发展有限公司,2016-06-16,13:47:20,335164.0
3920821,磁盘阵列中档,NetApp,FAS8020-R6,"NetApp, FAS8020-R6",新华视讯手机电视台有限公司,2,382600.0,大有祥云（北京）科技有限公司,2016-04-15,13:41:10,765200.0
3919405,磁盘阵列中档,Infortrend（普安）,ESDS 1024,"Infortrend（普安）, ESDS 1024",同济大学,1,73690.0,上海有卅信息科技有限公司,2016-08-02,18:00:20,73690.0
3919405,磁盘阵列中档,Infortrend（普安）,ESDS 1024,"Infortrend（普安）, ESDS 1024",水利部珠江水利委员会西江局,1,78891.0,广西南宁汉荣创业科技有限公司,2016-06-29,14:53:35,78891.0
3919405,磁盘阵列中档,Infortrend（普安）,ESDS 1024,"Infortrend（普安）, ESDS 1024",中国地质调查局油气资源调查中心,1,78891.0,北京华诚联合设备安装工程有限公司,2016-06-21,11:38:35,78891.0
3919405,磁盘阵列中档,Infortrend（普安）,ESDS 1024,"Infortrend（普安）, ESDS 1024",中国地质调查局油气资源调查中心,1,78891.0,北京华诚联合设备安装工程有限公司,2016-06-21,11:38:21,78891.0
3919405,磁盘阵列中档,Infortrend（普安）,ESDS 1024,"Infortrend（普安）, ESDS 1024",中国地质调查局油气资源调查中心,1,78891.0,北京华诚联合设备安装工程有限公司,2016-06-21,11:11:47,78891.0
3919405,磁盘阵列中档,Infortrend（普安）,ESDS 1024,"Infortrend（普安）, ESDS 1024",中国地质调查局油气资源调查中心,1,78891.0,北京华诚联合设备安装工程有限公司,2016-06-21,10:26:55,78891.0
3919405,磁盘阵列中档,Infortrend（普安）,ESDS 1024,"Infortrend（普安）, ESDS 1024",中国地质调查局油气资源调查中心,1,78891.0,北京华诚联合设备安装工程有限公司,2016-06-21,10:08:20,78891.0
3919363,磁盘阵列中档,曙光,DS600-G,"曙光, DS600-G",华南理工大学,1,96000.0,广州粤前信息科技有限公司,2016-06-30,09:42:39,96000.0
3919363,磁盘阵列中档,曙光,DS600-G,"曙光, DS600-G",中国气象局上海台风研究所,2,113100.0,上海盛举信息科技有限公司,2016-06-29,20:15:17,226200.0
3919363,磁盘阵列中档,曙光,DS600-G,"曙光, DS600-G",浙江大学,1,113100.0,浙江同力信息科技有限公司,2016-05-12,11:52:05,113100.0
3919363,磁盘阵列中档,曙光,DS600-G,"曙光, DS600-G",安徽省气象台,1,113100.0,安徽网研科技有限公司,2016-04-27,12:14:44,113100.0
3919363,磁盘阵列中档,曙光,DS600-G,"曙光, DS600-G",中国科学技术大学,1,102580.0,安徽奕迪信息科技有限公司,2016-03-14,08:12:17,102580.0
3919096,磁盘阵列中档,PowerLeader（宝德）,GS5316D,"PowerLeader（宝德）, GS5316D",中国科学院深圳先进技术研究院,1,72000.0,深圳市红歌网络科技有限公司,2016-07-13,14:57:37,72000.0
3919096,磁盘阵列中档,PowerLeader（宝德）,GS5316D,"PowerLeader（宝德）, GS5316D",广州铁路监督管理局,2,72000.0,北京中科金茂科技有限公司,2016-05-25,14:21:41,144000.0
3919096,磁盘阵列中档,PowerLeader（宝德）,GS5316D,"PowerLeader（宝德）, GS5316D",中国科学院化学研究所,1,72000.0,北京中科金茂科技有限公司,2016-03-08,18:14:30,72000.0
3918737,磁盘阵列中档,海康威视,DS-A82024D,"海康威视, DS-A82024D",中华人民共和国同益出入境边防检查站,1,42000.0,厦门捷晟数字科技有限公司,2016-08-09,15:25:16,42000.0
3918737,磁盘阵列中档,海康威视,DS-A82024D,"海康威视, DS-A82024D",深圳出入境边防检查总站,5,40000.0,深圳市红歌网络科技有限公司,2016-07-25,15:40:04,200000.0
3918737,磁盘阵列中档,海康威视,DS-A82024D,"海康威视, DS-A82024D",中华人民共和国二连海关,2,42000.0,北京美承互联数码科技发展有限公司,2016-07-18,17:48:32,84000.0
3918737,磁盘阵列中档,海康威视,DS-A82024D,"海康威视, DS-A82024D",天津出入境边防检查总站,3,42000.0,天津睿卓科技有限公司,2016-07-13,09:03:51,126000.0
3918737,磁盘阵列中档,海康威视,DS-A82024D,"海康威视, DS-A82024D",厦门出入境边防检查总站,3,41560.0,厦门兴恒科技有限公司,2016-05-30,11:20:30,124680.0
3918745,磁盘阵列中档,EMC,VNX5400,"EMC, VNX5400",中华人民共和国青岛出入境检验检疫局,1,229441.0,北京信城通数码科技有限公司,2016-08-12,11:45:11,229441.0
3918745,磁盘阵列中档,EMC,VNX5400,"EMC, VNX5400",中华人民共和国山西出入境检验检疫局,1,229441.0,北京信城通数码科技有限公司,2016-08-10,15:48:26,229441.0
3918745,磁盘阵列中档,EMC,VNX5400,"EMC, VNX5400",深圳出入境边防检查总站,1,226800.0,深圳市天锐计算机技术有限公司,2016-07-20,13:52:57,226800.0
3918745,磁盘阵列中档,EMC,VNX5400,"EMC, VNX5400",中南民族大学,1,228400.0,深圳市卓优数据科技有限公司,2016-07-18,10:46:45,228400.0
3918745,磁盘阵列中档,EMC,VNX5400,"EMC, VNX5400",北京大学第一医院,1,205840.0,北京今锐驰信息技术有限公司,2016-07-11,18:39:07,205840.0
3918745,磁盘阵列中档,EMC,VNX5400,"EMC, VNX5400",北京体育大学,1,229441.0,北京开莱兴业科技有限公司,2016-05-30,15:34:17,229441.0
3918745,磁盘阵列中档,EMC,VNX5400,"EMC, VNX5400",深圳出入境边防检查总站,2,225000.0,深圳市天锐计算机技术有限公司,2016-05-27,09:17:08,450000.0
3918745,磁盘阵列中档,EMC,VNX5400,"EMC, VNX5400",中华人民共和国重庆出入境检验检疫局,1,229441.0,成都龙立可科技有限公司,2016-05-20,11:51:21,229441.0
3918745,磁盘阵列中档,EMC,VNX5400,"EMC, VNX5400",工业和信息化部电信研究院,1,229441.0,北京优兆科技有限公司,2016-05-18,15:28:51,229441.0
3918745,磁盘阵列中档,EMC,VNX5400,"EMC, VNX5400",江苏出入境检验检疫局,2,229441.0,上海承蓝科技股份有限公司,2016-04-25,11:39:31,458882.0
3917876,磁盘阵列中档,NetStor,iSUM790,"NetStor, iSUM790",北京科技大学,1,253700.0,北京十九科技有限责任公司,2016-06-08,11:29:16,253700.0
3917899,磁盘阵列中档,Lenovo（联想）,Lenovo VNX5200,"Lenovo（联想）, Lenovo VNX5200",中华人民共和国二连海关,1,625477.0,北京嘉运达科技开发股份有限公司,2016-06-29,10:24:09,625477.0
3917899,磁盘阵列中档,Lenovo（联想）,Lenovo VNX5200,"Lenovo（联想）, Lenovo VNX5200",外交部档案馆,1,625477.0,北京海石花实业开发公司,2016-06-15,10:25:17,625477.0
3917899,磁盘阵列中档,Lenovo（联想）,Lenovo VNX5200,"Lenovo（联想）, Lenovo VNX5200",外交部档案馆,1,625477.0,北京海石花实业开发公司,2016-06-15,10:24:40,625477.0
3917899,磁盘阵列中档,Lenovo（联想）,Lenovo VNX5200,"Lenovo（联想）, Lenovo VNX5200",北京一三一八单位,1,625477.0,北京奇点宏业科技有限公司,2016-05-16,11:03:20,625477.0
3917899,磁盘阵列中档,Lenovo（联想）,Lenovo VNX5200,"Lenovo（联想）, Lenovo VNX5200",北京一三一八单位,1,625477.0,北京奇点宏业科技有限公司,2016-04-05,10:23:27,625477.0
3917734,磁盘阵列中档,爱数（eisoo）,AS5000,"爱数（eisoo）, AS5000",昆明海关机关服务中心,1,221000.0,云南思酷瑞特科技有限公司,2016-05-11,09:59:42,221000.0
3917513,磁盘阵列中档,华为,OceanStor 5500 V3+128GB缓存,"华为, OceanStor 5500 V3+128GB缓存",工业和信息化部电信研究院,1,324439.59,北京众和永业科技发展有限公司,2016-08-10,14:09:00,324439.59
3917513,磁盘阵列中档,华为,OceanStor 5500 V3+128GB缓存,"华为, OceanStor 5500 V3+128GB缓存",工业和信息化部电信研究院,1,324439.59,北京众和永业科技发展有限公司,2016-08-10,11:26:10,324439.59
3917513,磁盘阵列中档,华为,OceanStor 5500 V3+128GB缓存,"华为, OceanStor 5500 V3+128GB缓存",国家测绘地理信息局陕西基础地理信息中心,1,324430.0,陕西和生科技有限公司,2016-07-22,16:51:59,324430.0
3917513,磁盘阵列中档,华为,OceanStor 5500 V3+128GB缓存,"华为, OceanStor 5500 V3+128GB缓存",中国科学院植物研究所,1,324439.59,北京数码地带科技有限责任公司,2016-07-01,11:49:02,324439.59
3917513,磁盘阵列中档,华为,OceanStor 5500 V3+128GB缓存,"华为, OceanStor 5500 V3+128GB缓存",海关总署广东分署,1,324439.59,深圳市金东康电子技术有限公司,2016-06-27,14:52:42,324439.59
3917513,磁盘阵列中档,华为,OceanStor 5500 V3+128GB缓存,"华为, OceanStor 5500 V3+128GB缓存",国家药典委员会,1,324439.59,北京兴海云达科技有限公司,2016-06-24,14:12:20,324439.59
3917513,磁盘阵列中档,华为,OceanStor 5500 V3+128GB缓存,"华为, OceanStor 5500 V3+128GB缓存",中华人民共和国陕西出入境检验检疫局,1,324400.0,陕西西华科创软件技术有限公司,2016-06-22,14:28:55,324400.0
3917513,磁盘阵列中档,华为,OceanStor 5500 V3+128GB缓存,"华为, OceanStor 5500 V3+128GB缓存",中国地质调查局南京地质调查中心,1,324439.59,南京嘉志德电子科技有限公司,2016-06-14,11:17:52,324439.59
3917513,磁盘阵列中档,华为,OceanStor 5500 V3+128GB缓存,"华为, OceanStor 5500 V3+128GB缓存",中国残疾人联合会信息中心,1,324439.59,北京华腾网云科技有限公司,2016-06-06,17:55:12,324439.59
3917513,磁盘阵列中档,华为,OceanStor 5500 V3+128GB缓存,"华为, OceanStor 5500 V3+128GB缓存",中国科协信息中心,1,324439.59,北京恒胜科技有限公司,2016-05-27,16:51:26,324439.59
3917513,磁盘阵列中档,华为,OceanStor 5500 V3+128GB缓存,"华为, OceanStor 5500 V3+128GB缓存",大连海事大学,1,324439.0,大连联创世纪信息系统有限公司,2016-05-16,17:03:54,324439.0
3917513,磁盘阵列中档,华为,OceanStor 5500 V3+128GB缓存,"华为, OceanStor 5500 V3+128GB缓存",青岛海洋地质研究所,1,324439.59,山东美承数码科技有限公司,2016-04-26,16:03:06,324439.59
3917513,磁盘阵列中档,华为,OceanStor 5500 V3+128GB缓存,"华为, OceanStor 5500 V3+128GB缓存",西南民族大学,1,270000.0,成都建文科技发展有限公司,2016-04-19,17:49:58,270000.0
3917513,磁盘阵列中档,华为,OceanStor 5500 V3+128GB缓存,"华为, OceanStor 5500 V3+128GB缓存",中国科协信息中心,1,324439.59,北京恒胜科技有限公司,2016-03-28,16:34:43,324439.59
3917513,磁盘阵列中档,华为,OceanStor 5500 V3+128GB缓存,"华为, OceanStor 5500 V3+128GB缓存",北京师范大学,1,324439.59,北京友邦佳通电子科技有限公司,2016-03-15,15:43:08,324439.59
3917513,磁盘阵列中档,华为,OceanStor 5500 V3+128GB缓存,"华为, OceanStor 5500 V3+128GB缓存",国家气候中心,1,324439.59,北京胜世嘉业科技有限责任公司,2016-03-14,09:22:05,324439.59
3917513,磁盘阵列中档,华为,OceanStor 5500 V3+128GB缓存,"华为, OceanStor 5500 V3+128GB缓存",中国银行业监督管理委员会厦门监管局,1,324439.0,翰林汇力（福建）信息技术有限公司,2016-03-09,09:55:12,324439.0
3917189,磁盘阵列中档,惠普,HP StoreServ 7200C,"惠普, HP StoreServ 7200C",人民交通出版社股份有限公司,1,338000.0,北京锐网时代科技发展有限公司,2016-08-12,18:27:21,338000.0
3917189,磁盘阵列中档,惠普,HP StoreServ 7200C,"惠普, HP StoreServ 7200C",中国科学院近代物理研究所,1,290000.0,兰州宇科数码科技有限责任公司,2016-07-11,17:07:41,290000.0
3917189,磁盘阵列中档,惠普,HP StoreServ 7200C,"惠普, HP StoreServ 7200C",中国保险监督管理委员会,1,355860.0,北京嘉诚致和科技有限公司,2016-06-24,16:48:31,355860.0
3917189,磁盘阵列中档,惠普,HP StoreServ 7200C,"惠普, HP StoreServ 7200C",辽宁省气象信息中心,1,355860.0,沈阳元利亨通信息技术有限公司,2016-06-20,13:32:20,355860.0
3917189,磁盘阵列中档,惠普,HP StoreServ 7200C,"惠普, HP StoreServ 7200C",全国工商联,1,355860.0,北京慧点数码科技有限公司,2016-06-15,16:37:14,355860.0
3917189,磁盘阵列中档,惠普,HP StoreServ 7200C,"惠普, HP StoreServ 7200C",中华人民共和国黑龙江出入境检验检疫局,1,340000.0,哈尔滨惠普天地电子有限公司,2016-06-15,15:55:59,340000.0
3917189,磁盘阵列中档,惠普,HP StoreServ 7200C,"惠普, HP StoreServ 7200C",河南出入境检验检疫局,1,355800.0,郑州三康电子科技有限公司,2016-06-13,14:45:18,355800.0
3917189,磁盘阵列中档,惠普,HP StoreServ 7200C,"惠普, HP StoreServ 7200C",中华人民共和国内蒙古出入境检验检疫局,1,355860.0,北京慧点数码科技有限公司,2016-05-26,11:19:31,355860.0
3917189,磁盘阵列中档,惠普,HP StoreServ 7200C,"惠普, HP StoreServ 7200C",中华人民共和国黑龙江出入境检验检疫局,1,340000.0,哈尔滨惠鑫伟业科技开发有限公司,2016-05-24,11:22:17,340000.0
3917189,磁盘阵列中档,惠普,HP StoreServ 7200C,"惠普, HP StoreServ 7200C",中华人民共和国北仑出入境检验检疫局,1,350000.0,宁波华力信息系统工程有限公司,2016-05-11,10:18:03,350000.0
3917189,磁盘阵列中档,惠普,HP StoreServ 7200C,"惠普, HP StoreServ 7200C",上海国际旅行卫生保健中心,1,355860.0,上海汇策电子系统集成有限公司,2016-04-21,10:50:10,355860.0
3917189,磁盘阵列中档,惠普,HP StoreServ 7200C,"惠普, HP StoreServ 7200C",山东煤矿安全监察局,1,355860.0,济南程远天旭科技有限公司,2016-04-19,11:10:47,355860.0
3916936,磁盘阵列中档,天融信,TDSM-DBFW-21049,"天融信, TDSM-DBFW-21049",拉萨海关,1,147640.0,北京众和永业科技发展有限公司,2016-08-18,10:22:05,147640.0
3916936,磁盘阵列中档,天融信,TDSM-DBFW-21049,"天融信, TDSM-DBFW-21049",拉萨海关,1,147640.0,北京众和永业科技发展有限公司,2016-08-18,10:15:59,147640.0
3916821,磁盘阵列中档,数普（Supool）,DS5600,"数普（Supool）, DS5600",国家海洋环境预报中心,1,292896.0,北京辉蓝保盈科技发展有限公司,2016-06-28,10:10:57,292896.0
3916622,磁盘阵列中档,华三（H3C）,UIS-P8200-2N,"华三（H3C）, UIS-P8200-2N",大连海事大学,1,582000.0,大连联创世纪信息系统有限公司,2016-06-03,11:17:37,582000.0
3916441,磁盘阵列中档,DFT（迪菲特）,ES-3391-D,"DFT（迪菲特）, ES-3391-D",文化部非物质文化遗产司,1,108000.0,北京建国龙达科技有限公司,2016-08-11,16:34:52,108000.0
3916261,磁盘阵列中档,MacroSAN（宏杉）,MS3300,"MacroSAN（宏杉）, MS3300",山西省财政厅信息网络中心,1,150000.0,山西诺和恒通科技有限公司,2016-04-27,11:39:09,150000.0
3916261,磁盘阵列中档,MacroSAN（宏杉）,MS3300,"MacroSAN（宏杉）, MS3300",南昌海关机关服务中心,1,152800.0,北京和硕立业科技有限公司,2016-04-13,10:14:45,152800.0
3921655,磁盘阵列低档,inspur浪潮,AS520E-M1,"inspur浪潮, AS520E-M1",工业和信息化部电信研究院,1,71302.0,北京众和永业科技发展有限公司,2016-08-12,13:55:16,71302.0
3921655,磁盘阵列低档,inspur浪潮,AS520E-M1,"inspur浪潮, AS520E-M1",中国博士后科学基金会,1,75055.0,意诚科技(北京)有限公司,2016-07-14,09:08:09,75055.0
3921655,磁盘阵列低档,inspur浪潮,AS520E-M1,"inspur浪潮, AS520E-M1",中国博士后科学基金会,1,75055.0,意诚科技(北京)有限公司,2016-07-14,08:49:09,75055.0
3921655,磁盘阵列低档,inspur浪潮,AS520E-M1,"inspur浪潮, AS520E-M1",财政部驻湖北省财政监察专员办事处,1,70000.0,武汉联创电脑有限公司,2016-07-12,09:50:16,70000.0
3921655,磁盘阵列低档,inspur浪潮,AS520E-M1,"inspur浪潮, AS520E-M1",中国财政科学研究院,1,75055.0,北京德康世纪科技有限公司,2016-07-05,09:54:38,75055.0
3921655,磁盘阵列低档,inspur浪潮,AS520E-M1,"inspur浪潮, AS520E-M1",中国地质科学院,1,75055.0,北京傲腾基业科技有限公司,2016-06-30,14:35:37,75055.0
3921655,磁盘阵列低档,inspur浪潮,AS520E-M1,"inspur浪潮, AS520E-M1",民政部信息中心,1,75000.0,北京九天易创科技有限公司,2016-06-29,16:25:21,75000.0
3921655,磁盘阵列低档,inspur浪潮,AS520E-M1,"inspur浪潮, AS520E-M1",国家卫生计生委统计信息中心,1,75055.0,北京德康世纪科技有限公司,2016-06-28,14:34:45,75055.0
3921655,磁盘阵列低档,inspur浪潮,AS520E-M1,"inspur浪潮, AS520E-M1",北京电子技术服务中心,2,75055.0,北京燕京科技有限公司,2016-06-28,09:38:04,150110.0
3921655,磁盘阵列低档,inspur浪潮,AS520E-M1,"inspur浪潮, AS520E-M1",北京邮电大学,1,75055.0,北京恒润浩远科技发展有限公司,2016-06-24,15:55:18,75055.0
3921655,磁盘阵列低档,inspur浪潮,AS520E-M1,"inspur浪潮, AS520E-M1",北京航空航天大学,1,75055.0,北京友邦佳通电子科技有限公司,2016-06-23,16:11:45,75055.0
3921655,磁盘阵列低档,inspur浪潮,AS520E-M1,"inspur浪潮, AS520E-M1",民政部,1,75000.0,北京开莱兴业科技有限公司,2016-06-23,14:14:45,75000.0
3921655,磁盘阵列低档,inspur浪潮,AS520E-M1,"inspur浪潮, AS520E-M1",中国科学院信息工程研究所,1,75055.0,北京开莱兴业科技有限公司,2016-06-21,16:29:00,75055.0
3921655,磁盘阵列低档,inspur浪潮,AS520E-M1,"inspur浪潮, AS520E-M1",中央机构编制委员会办公室电子政务中心,1,75000.0,北京英信未来科技有限公司,2016-06-21,15:09:56,75000.0
3921655,磁盘阵列低档,inspur浪潮,AS520E-M1,"inspur浪潮, AS520E-M1",中国美术馆,1,75055.0,北京英信未来科技有限公司,2016-06-14,15:26:08,75055.0
3921655,磁盘阵列低档,inspur浪潮,AS520E-M1,"inspur浪潮, AS520E-M1",国家新闻出版广电总局八七一台,4,75055.0,海南蓝点计算机网络工程有限公司,2016-06-03,15:33:35,300220.0
3921655,磁盘阵列低档,inspur浪潮,AS520E-M1,"inspur浪潮, AS520E-M1",国家新闻出版广电总局广播科学研究院,1,75055.0,北京英信未来科技有限公司,2016-06-03,15:16:55,75055.0
3921655,磁盘阵列低档,inspur浪潮,AS520E-M1,"inspur浪潮, AS520E-M1",国家气象信息中心,1,35800.0,北京传奇天地科技有限公司,2016-05-31,11:18:47,35800.0
3921655,磁盘阵列低档,inspur浪潮,AS520E-M1,"inspur浪潮, AS520E-M1",中央编办电子政务中心,1,59600.0,北京英信未来科技有限公司,2016-05-27,13:39:05,59600.0
3921655,磁盘阵列低档,inspur浪潮,AS520E-M1,"inspur浪潮, AS520E-M1",中国人口与发展研究中心,1,72000.0,北京传奇天地科技有限公司,2016-05-26,16:18:57,72000.0
3921354,磁盘阵列低档,戴尔,Dell Storage SCv2000,"戴尔, Dell Storage SCv2000",国家图书馆出版社,1,70640.0,北京久合科技有限公司,2016-07-29,16:14:54,70640.0
3921354,磁盘阵列低档,戴尔,Dell Storage SCv2000,"戴尔, Dell Storage SCv2000",新闻出版总署信息中心,1,70640.0,北京科源众力科技有限公司,2016-07-25,16:44:46,70640.0
3921354,磁盘阵列低档,戴尔,Dell Storage SCv2000,"戴尔, Dell Storage SCv2000",北京市密云区气象局,1,70640.0,北京瑞科远东科技有限公司,2016-07-15,17:08:04,70640.0
3921354,磁盘阵列低档,戴尔,Dell Storage SCv2000,"戴尔, Dell Storage SCv2000",中国科学院植物研究所,1,70640.0,北京众和永业科技发展有限公司,2016-07-12,12:34:18,70640.0
3921354,磁盘阵列低档,戴尔,Dell Storage SCv2000,"戴尔, Dell Storage SCv2000",中国科学院上海应用物理研究所,1,70640.0,上海承蓝科技股份有限公司,2016-06-14,10:17:43,70640.0
3921354,磁盘阵列低档,戴尔,Dell Storage SCv2000,"戴尔, Dell Storage SCv2000",中国科学院高能物理研究所,1,70640.0,北京趋势未来科技发展有限公司,2016-06-12,16:26:24,70640.0
3921354,磁盘阵列低档,戴尔,Dell Storage SCv2000,"戴尔, Dell Storage SCv2000",陕西师范大学,1,70640.0,西安环太科技发展有限公司,2016-06-02,11:56:50,70640.0
3921354,磁盘阵列低档,戴尔,Dell Storage SCv2000,"戴尔, Dell Storage SCv2000",中国科学院南海海洋研究所,1,70640.0,广州宇拓信息科技有限公司,2016-05-19,09:42:55,70640.0
3921354,磁盘阵列低档,戴尔,Dell Storage SCv2000,"戴尔, Dell Storage SCv2000",工业和信息化部电信研究院,1,70640.0,北京众和永业科技发展有限公司,2016-05-18,10:20:45,70640.0
3921354,磁盘阵列低档,戴尔,Dell Storage SCv2000,"戴尔, Dell Storage SCv2000",中国科学院国家空间科学中心,1,70640.0,北京瑞科远东科技有限公司,2016-05-12,12:26:45,70640.0
3921354,磁盘阵列低档,戴尔,Dell Storage SCv2000,"戴尔, Dell Storage SCv2000",北京中医药大学东直门医院,1,70640.0,北京众和永业科技发展有限公司,2016-05-04,16:10:39,70640.0
3921354,磁盘阵列低档,戴尔,Dell Storage SCv2000,"戴尔, Dell Storage SCv2000",中国科学院水生生物研究所,2,70640.0,武汉盖威尔信息科技有限公司,2016-04-21,13:57:56,141280.0
3921354,磁盘阵列低档,戴尔,Dell Storage SCv2000,"戴尔, Dell Storage SCv2000",北京科技大学,1,70640.0,北京友邦佳通电子科技有限公司,2016-04-14,09:54:45,70640.0
3921354,磁盘阵列低档,戴尔,Dell Storage SCv2000,"戴尔, Dell Storage SCv2000",北京大学第三医院,1,70640.0,北京众和永业科技发展有限公司,2016-04-06,10:47:47,70640.0
3921354,磁盘阵列低档,戴尔,Dell Storage SCv2000,"戴尔, Dell Storage SCv2000",冶金工业信息标准研究院,1,70640.0,北京迅驰动力科技有限公司,2016-03-31,10:13:25,70640.0
3921354,磁盘阵列低档,戴尔,Dell Storage SCv2000,"戴尔, Dell Storage SCv2000",中国科学院合肥物质科学研究院,1,58200.0,合肥瑞诚智能科技有限公司,2016-03-30,10:36:48,58200.0
3921354,磁盘阵列低档,戴尔,Dell Storage SCv2000,"戴尔, Dell Storage SCv2000",中国水产科学研究院南海水产研究所,1,70640.0,广州盛富和科技有限公司,2016-03-03,11:18:37,70640.0
3921354,磁盘阵列低档,戴尔,Dell Storage SCv2000,"戴尔, Dell Storage SCv2000",中国水产科学研究院南海水产研究所,1,70640.0,广州盛富和科技有限公司,2016-03-03,11:18:18,70640.0
3921354,磁盘阵列低档,戴尔,Dell Storage SCv2000,"戴尔, Dell Storage SCv2000",中国科学院大气物理研究所,2,70640.0,北京网信未来信息技术有限公司,2016-02-26,10:16:36,141280.0
3920795,磁盘阵列低档,Cenby新邦,SD828（超高速阵列安全型）桌面存储 16TB,"Cenby新邦, SD828（超高速阵列安全型）桌面存储 16TB",中国科学院高能物理研究所,1,11900.0,北京正元伟业科技发展有限公司,2016-06-14,15:24:47,11900.0
3920795,磁盘阵列低档,Cenby新邦,SD828（超高速阵列安全型）桌面存储 16TB,"Cenby新邦, SD828（超高速阵列安全型）桌面存储 16TB",中央美术学院,2,11900.0,北京正元伟业科技发展有限公司,2016-04-07,17:03:01,23800.0
3919404,磁盘阵列低档,Infortrend（普安）,ESDS 1012,"Infortrend（普安）, ESDS 1012",同济大学,1,43900.0,上海有卅信息科技有限公司,2016-08-02,18:00:20,43900.0
3919404,磁盘阵列低档,Infortrend（普安）,ESDS 1012,"Infortrend（普安）, ESDS 1012",中国地质科学院地质力学研究所,2,43911.0,北京荣誉腾飞科技有限公司,2016-06-20,16:54:47,87822.0
3919379,磁盘阵列低档,曙光,DS200-C20,"曙光, DS200-C20",国家图书馆,1,72800.0,北京优兆科技有限公司,2016-04-11,15:46:48,72800.0
3919111,磁盘阵列低档,PowerLeader（宝德）,GS5316S,"PowerLeader（宝德）, GS5316S",国家气象信息中心,1,46200.0,北京华建德泰商贸有限公司,2016-06-29,15:10:16,46200.0
3918743,磁盘阵列低档,IBM,IBM Storwize V5000(2078-24C),"IBM, IBM Storwize V5000(2078-24C)",中华人民共和国河北出入境检验检疫局,1,450000.0,北京长得万众信息技术有限公司,2016-08-09,15:01:59,450000.0
3918743,磁盘阵列低档,IBM,IBM Storwize V5000(2078-24C),"IBM, IBM Storwize V5000(2078-24C)",中华人民共和国河北出入境检验检疫局,1,450000.0,北京长得万众信息技术有限公司,2016-05-30,16:23:32,450000.0
3918743,磁盘阵列低档,IBM,IBM Storwize V5000(2078-24C),"IBM, IBM Storwize V5000(2078-24C)",农业部渔业渔政管理局,1,450000.0,北京长得万众信息技术有限公司,2016-03-01,09:55:48,450000.0
3918746,磁盘阵列低档,EMC,VNXe1600,"EMC, VNXe1600",天水市气象局,1,132624.0,北京众和永业科技发展有限公司,2016-04-22,10:25:22,132624.0
3918638,磁盘阵列低档,鲸鲨,ES2-16S,"鲸鲨, ES2-16S",中国科学院地质与地球物理研究所,1,8800.0,北京天泰博远科技发展有限公司,2016-01-22,16:25:14,8800.0
3918638,磁盘阵列低档,鲸鲨,ES2-16S,"鲸鲨, ES2-16S",中国科学院地质与地球物理研究所,1,8800.0,北京天泰博远科技发展有限公司,2016-01-22,16:24:53,8800.0
3917936,磁盘阵列低档,云海麒麟,YH-G1610S,"云海麒麟, YH-G1610S",中华人民共和国河北出入境检验检疫局京唐港办事处,1,43900.0,北京卓越睿新科技发展有限公司,2016-08-05,12:44:02,43900.0
3917900,磁盘阵列低档,Lenovo（联想）,Lenovo S3200,"Lenovo（联想）, Lenovo S3200",中国地质科学院地球物理地球化学勘查研究所,1,121441.0,北京开莱兴业科技有限公司,2016-06-27,10:20:53,121441.0
3917900,磁盘阵列低档,Lenovo（联想）,Lenovo S3200,"Lenovo（联想）, Lenovo S3200",中国老龄协会老年人才信息中心,1,121441.0,北京开莱兴业科技有限公司,2016-06-24,11:13:02,121441.0
3917900,磁盘阵列低档,Lenovo（联想）,Lenovo S3200,"Lenovo（联想）, Lenovo S3200",国家食品药品监督管理总局药品评价中心,1,121441.0,北京银联合力科技有限公司,2016-06-23,15:23:26,121441.0
3917900,磁盘阵列低档,Lenovo（联想）,Lenovo S3200,"Lenovo（联想）, Lenovo S3200",中国科学技术大学,1,121441.0,安徽时代中佳科贸有限责任公司,2016-06-22,16:16:41,121441.0
3917900,磁盘阵列低档,Lenovo（联想）,Lenovo S3200,"Lenovo（联想）, Lenovo S3200",中国证券监督管理委员会海南监管局,1,121441.0,北京嘉运达科技开发股份有限公司,2016-06-20,10:11:39,121441.0
3917900,磁盘阵列低档,Lenovo（联想）,Lenovo S3200,"Lenovo（联想）, Lenovo S3200",北京交通大学,1,121441.0,北京华航创新科技有限责任公司,2016-06-20,09:24:05,121441.0
3917900,磁盘阵列低档,Lenovo（联想）,Lenovo S3200,"Lenovo（联想）, Lenovo S3200",中国疾病预防控制中心性病艾滋病预防控制中心,1,121441.0,北京润成恒信科技有限公司,2016-06-15,15:12:38,121441.0
3917900,磁盘阵列低档,Lenovo（联想）,Lenovo S3200,"Lenovo（联想）, Lenovo S3200",北京一三一八单位,1,121441.0,北京开莱兴业科技有限公司,2016-06-15,13:05:53,121441.0
3917900,磁盘阵列低档,Lenovo（联想）,Lenovo S3200,"Lenovo（联想）, Lenovo S3200",中国地质调查局发展研究中心,1,121441.0,北京长得瑞华电子技术有限公司,2016-05-31,15:47:49,121441.0
3917900,磁盘阵列低档,Lenovo（联想）,Lenovo S3200,"Lenovo（联想）, Lenovo S3200",人民东方出版传媒有限公司,1,121441.0,北京嘉运达科技开发有限公司,2016-04-26,15:37:44,121441.0
3917900,磁盘阵列低档,Lenovo（联想）,Lenovo S3200,"Lenovo（联想）, Lenovo S3200",国家林业局昆明勘察设计院,1,121441.0,昆明迪思软件有限公司,2016-04-12,11:50:58,121441.0
3917900,磁盘阵列低档,Lenovo（联想）,Lenovo S3200,"Lenovo（联想）, Lenovo S3200",北京一三一八单位,1,121441.0,北京奇点宏业科技有限公司,2016-03-25,14:10:36,121441.0
3917900,磁盘阵列低档,Lenovo（联想）,Lenovo S3200,"Lenovo（联想）, Lenovo S3200",中国科学技术大学,1,121441.0,安徽时代中佳科贸有限责任公司,2016-03-04,14:50:06,121441.0
3917877,磁盘阵列低档,NetStor,iSUM790L,"NetStor, iSUM790L",中国科学技术大学,2,79800.0,安徽喜悦信息科技有限公司,2016-07-19,17:00:19,159600.0
3917877,磁盘阵列低档,NetStor,iSUM790L,"NetStor, iSUM790L",中国纤维检验局,1,65000.0,北京恒峰威视科技有限公司,2016-06-29,15:42:46,65000.0
3917877,磁盘阵列低档,NetStor,iSUM790L,"NetStor, iSUM790L",中国科学技术大学,2,79800.0,安徽喜悦信息科技有限公司,2016-06-29,11:38:05,159600.0
3917735,磁盘阵列低档,爱数（eisoo）,S8000,"爱数（eisoo）, S8000",中国奶业协会,1,180000.0,北京意博创联科技发展有限公司,2016-06-28,11:19:44,180000.0
3917735,磁盘阵列低档,爱数（eisoo）,S8000,"爱数（eisoo）, S8000",中国地质调查局油气资源调查中心,1,180000.0,北京傲腾基业科技有限公司,2016-05-27,14:38:16,180000.0
3917515,磁盘阵列低档,华为,OceanStor 5300 V3+64GB缓存,"华为, OceanStor 5300 V3+64GB缓存",北京一三一八单位,1,215872.0,北京恒远华信息技术有限公司,2016-08-19,14:02:08,215872.0
3917515,磁盘阵列低档,华为,OceanStor 5300 V3+64GB缓存,"华为, OceanStor 5300 V3+64GB缓存",北京海关,1,227238.0,北京开莱兴业科技有限公司,2016-08-05,09:37:10,227238.0
3917515,磁盘阵列低档,华为,OceanStor 5300 V3+64GB缓存,"华为, OceanStor 5300 V3+64GB缓存",中国银行业监督管理委员会江苏监管局,1,227238.95,江苏巨鸿电子信息技术有限公司,2016-08-04,10:09:36,227238.95
3917515,磁盘阵列低档,华为,OceanStor 5300 V3+64GB缓存,"华为, OceanStor 5300 V3+64GB缓存",天津出入境边防检查总站,1,227238.95,天津开发区先特网络系统有限公司,2016-07-07,08:46:27,227238.95
3917515,磁盘阵列低档,华为,OceanStor 5300 V3+64GB缓存,"华为, OceanStor 5300 V3+64GB缓存",山西省财政厅信息网络中心,1,227238.95,太原时维科技有限公司,2016-06-23,11:29:07,227238.95
3917515,磁盘阵列低档,华为,OceanStor 5300 V3+64GB缓存,"华为, OceanStor 5300 V3+64GB缓存",国土资源部信息中心,1,227238.95,北京信驿科技有限公司,2016-06-21,15:32:19,227238.95
3917515,磁盘阵列低档,华为,OceanStor 5300 V3+64GB缓存,"华为, OceanStor 5300 V3+64GB缓存",中国轻工业联合会,1,227238.95,北京瑞华基业科技有限公司,2016-06-17,15:11:19,227238.95
3917515,磁盘阵列低档,华为,OceanStor 5300 V3+64GB缓存,"华为, OceanStor 5300 V3+64GB缓存",国家海洋局宁德海洋环境监测中心站,1,227238.0,翰林汇力（福建）信息技术有限公司,2016-06-17,09:07:29,227238.0
3917515,磁盘阵列低档,华为,OceanStor 5300 V3+64GB缓存,"华为, OceanStor 5300 V3+64GB缓存",国家广播电影电视总局机关服务局,1,227238.95,北京开莱兴业科技有限公司,2016-06-01,09:43:06,227238.95
3917515,磁盘阵列低档,华为,OceanStor 5300 V3+64GB缓存,"华为, OceanStor 5300 V3+64GB缓存",厦门出入境边防检查总站,2,227238.95,厦门市新捷翔信息科技有限公司,2016-05-30,11:36:27,454477.9
3917515,磁盘阵列低档,华为,OceanStor 5300 V3+64GB缓存,"华为, OceanStor 5300 V3+64GB缓存",交通运输部东海航海保障中心连云港航标处,1,226800.0,南京云赛软件有限公司,2016-05-24,15:25:32,226800.0
3917515,磁盘阵列低档,华为,OceanStor 5300 V3+64GB缓存,"华为, OceanStor 5300 V3+64GB缓存",甘肃出入境检验检疫局,1,227238.0,兰州瑞杰信息科技有限公司,2016-05-19,16:58:57,227238.0
3917515,磁盘阵列低档,华为,OceanStor 5300 V3+64GB缓存,"华为, OceanStor 5300 V3+64GB缓存",上海海关学院,1,227238.95,上海龙田数码科技有限公司,2016-04-29,11:13:45,227238.95
3917515,磁盘阵列低档,华为,OceanStor 5300 V3+64GB缓存,"华为, OceanStor 5300 V3+64GB缓存",北京航空航天大学,2,227238.95,北京思达睿智系统集成有限公司,2016-04-13,15:52:37,454477.9
3917515,磁盘阵列低档,华为,OceanStor 5300 V3+64GB缓存,"华为, OceanStor 5300 V3+64GB缓存",中华人民共和国湛江海关,1,227238.95,深圳市金东康电子技术有限公司,2016-02-26,15:24:22,227238.95
3917190,磁盘阵列低档,惠普,HP MSA1040 Storage,"惠普, HP MSA1040 Storage",国家广播电影电视总局五九四台,2,67100.0,西安恒点信息技术有限公司,2016-07-26,10:39:44,134200.0
3917190,磁盘阵列低档,惠普,HP MSA1040 Storage,"惠普, HP MSA1040 Storage",国家新闻出版广电总局二0二四台,1,67100.0,北京博创纪元科技有限公司,2016-07-25,11:28:19,67100.0
3917190,磁盘阵列低档,惠普,HP MSA1040 Storage,"惠普, HP MSA1040 Storage",孔子学院总部,1,67100.0,北京华氏未来信息技术有限公司,2016-07-21,09:19:10,67100.0
3917190,磁盘阵列低档,惠普,HP MSA1040 Storage,"惠普, HP MSA1040 Storage",中华人民共和国嘉兴海事局,1,65600.0,杭州亚明威计算机有限公司,2016-07-18,12:41:35,65600.0
3917190,磁盘阵列低档,惠普,HP MSA1040 Storage,"惠普, HP MSA1040 Storage",中国机械工业联合会,1,67100.0,北京康迈世纪科技发展有限公司,2016-07-15,15:21:35,67100.0
3917190,磁盘阵列低档,惠普,HP MSA1040 Storage,"惠普, HP MSA1040 Storage",中央人民广播电台,1,67100.0,北京众和永业科技发展有限公司,2016-07-04,20:08:28,67100.0
3917190,磁盘阵列低档,惠普,HP MSA1040 Storage,"惠普, HP MSA1040 Storage",大连海事大学,1,67100.0,大连高新园区恒新电脑网络有限公司,2016-05-12,09:40:53,67100.0
3917190,磁盘阵列低档,惠普,HP MSA1040 Storage,"惠普, HP MSA1040 Storage",孔子学院总部,1,67100.0,北京华氏未来信息技术有限公司,2016-05-09,17:17:26,67100.0
3917190,磁盘阵列低档,惠普,HP MSA1040 Storage,"惠普, HP MSA1040 Storage",北京林业大学,1,67100.0,北京美承互联数码科技发展有限公司,2016-05-05,13:41:21,67100.0
3917190,磁盘阵列低档,惠普,HP MSA1040 Storage,"惠普, HP MSA1040 Storage",中国民用航空华东地区空中交通管理局浙江分局,1,67100.0,杭州亚明威计算机有限公司,2016-04-28,11:40:03,67100.0
3917190,磁盘阵列低档,惠普,HP MSA1040 Storage,"惠普, HP MSA1040 Storage",中国物品编码中心,1,67100.0,北京慧点数码科技有限公司,2016-03-25,11:10:14,67100.0
3917190,磁盘阵列低档,惠普,HP MSA1040 Storage,"惠普, HP MSA1040 Storage",孔子学院总部,1,67100.0,北京华氏未来信息技术有限公司,2016-01-22,14:35:15,67100.0
3916868,磁盘阵列低档,超云,SS4000-R12,"超云, SS4000-R12",大连市国家税务局西岗分局,1,49980.0,大连奥远电子股份有限公司,2016-04-28,16:33:58,49980.0
3916822,磁盘阵列低档,数普（Supool）,DS3700,"数普（Supool）, DS3700",工业和信息化部电信研究院,2,138888.0,北京瑞海合创科技有限责任公司,2016-05-25,16:22:29,277776.0
3916822,磁盘阵列低档,数普（Supool）,DS3700,"数普（Supool）, DS3700",工业和信息化部电信研究院,2,138888.0,北京瑞海合创科技有限责任公司,2016-05-25,14:15:36,277776.0
3916822,磁盘阵列低档,数普（Supool）,DS3700,"数普（Supool）, DS3700",工业和信息化部电信研究院,2,138888.0,北京瑞海合创科技有限责任公司,2016-05-25,14:00:13,277776.0
3916262,磁盘阵列低档,MacroSAN（宏杉）,MS2500 G2-12S,"MacroSAN（宏杉）, MS2500 G2-12S",交通运输部南海航海保障中心,1,61400.0,广州帝博瑞克系统集成有限公司,2016-07-29,11:35:37,61400.0
3916262,磁盘阵列低档,MacroSAN（宏杉）,MS2500 G2-12S,"MacroSAN（宏杉）, MS2500 G2-12S",中国地质调查局水文地质环境地质调查中心,1,61500.0,河北宇易电子科技有限公司,2016-06-28,11:31:47,61500.0
3921657,网络附加存储（NAS）中高档,inspur浪潮,AS5600,"inspur浪潮, AS5600",哈尔滨工业大学计算机科学与技术学院,1,316900.0,哈尔滨蓝易科技有限公司,2016-08-01,09:42:13,316900.0
3921657,网络附加存储（NAS）中高档,inspur浪潮,AS5600,"inspur浪潮, AS5600",国家安全生产监督管理总局通信信息中心,1,455500.0,北京九川信和科技有限公司,2016-04-22,22:19:24,455500.0
3921657,网络附加存储（NAS）中高档,inspur浪潮,AS5600,"inspur浪潮, AS5600",中央文化管理干部学院,1,319000.0,北京亿中景科技发展有限公司,2016-03-29,11:40:43,319000.0
3921656,网络附加存储（NAS）中高档,inspur浪潮,AS13000,"inspur浪潮, AS13000",中国科学院国家授时中心,1,492402.0,西安志诚电子有限责任公司,2016-03-07,16:25:46,492402.0
3921355,网络附加存储（NAS）中高档,戴尔,EqualLogic PS6210E,"戴尔, EqualLogic PS6210E",国家自然科学基金委员会,1,242747.0,北京嘉华宏志科技有限公司,2016-07-07,16:25:09,242747.0
3921355,网络附加存储（NAS）中高档,戴尔,EqualLogic PS6210E,"戴尔, EqualLogic PS6210E",中国地震局工程力学研究所,1,242747.0,北京奥然达科技有限公司,2016-04-27,12:35:57,242747.0
3921355,网络附加存储（NAS）中高档,戴尔,EqualLogic PS6210E,"戴尔, EqualLogic PS6210E",中华人民共和国浙江出入境检验检疫局,2,242747.0,杭州祁网科技有限公司,2016-04-27,10:25:53,485494.0
3921356,网络附加存储（NAS）中高档,戴尔,PowerVault MD3860f,"戴尔, PowerVault MD3860f",中国科学院微生物研究所,1,153428.0,北京众和永业科技发展有限公司,2016-07-14,16:14:33,153428.0
3921356,网络附加存储（NAS）中高档,戴尔,PowerVault MD3860f,"戴尔, PowerVault MD3860f",中国科学院高能物理研究所,2,153428.0,北京趋势未来科技发展有限公司,2016-07-12,12:42:29,306856.0
3921356,网络附加存储（NAS）中高档,戴尔,PowerVault MD3860f,"戴尔, PowerVault MD3860f",国家知识产权局专利局专利审查协作北京中心,2,153428.0,北京瑞海天地科技发展有限公司,2016-05-18,11:43:53,306856.0
3921356,网络附加存储（NAS）中高档,戴尔,PowerVault MD3860f,"戴尔, PowerVault MD3860f",中国科学院国家天文台,1,153428.0,北京迅驰动力科技有限公司,2016-05-04,13:30:57,153428.0
3921356,网络附加存储（NAS）中高档,戴尔,PowerVault MD3860f,"戴尔, PowerVault MD3860f",中国科学院国家天文台,1,153428.0,北京瑞科远东科技有限公司,2016-05-04,11:59:46,153428.0
3920822,网络附加存储（NAS）中高档,NetApp,FAS8020-R6,"NetApp, FAS8020-R6",中央人民广播电台,4,191300.0,北京胜创致远科技有限公司,2016-08-11,12:40:07,765200.0
3920610,网络附加存储（NAS）中高档,ChangHong,ChangHong FAS8020,"ChangHong, ChangHong FAS8020",华北电力大学,1,352400.0,北京友邦佳通电子科技有限公司,2016-05-11,14:59:19,352400.0
3920610,网络附加存储（NAS）中高档,ChangHong,ChangHong FAS8020,"ChangHong, ChangHong FAS8020",新华网股份有限公司,1,352400.0,信亦宏达网络存储技术（北京)有限公司,2016-04-15,13:57:20,352400.0
3919408,网络附加存储（NAS）中高档,Infortrend（普安）,NAS 3012R1CN,"Infortrend（普安）, NAS 3012R1CN",上海市气象科学研究所,1,78000.0,上海晓轩信息技术有限公司,2016-06-21,16:05:13,78000.0
3919365,网络附加存储（NAS）中高档,曙光,ParaStor200,"曙光, ParaStor200",中国地质调查局沈阳地质调查中心,1,343460.0,鑫长德科技技术有限公司,2016-06-17,16:11:58,343460.0
3919365,网络附加存储（NAS）中高档,曙光,ParaStor200,"曙光, ParaStor200",全国组织机构代码管理中心,1,343460.0,北京先锋时代数码科技有限责任公司,2016-05-30,15:04:00,343460.0
3919329,网络附加存储（NAS）中高档,LTHPC（联泰集群）,LT- 6048R-E1CR24N,"LTHPC（联泰集群）, LT- 6048R-E1CR24N",中国科学院自动化研究所,1,20145.0,联泰集群（北京）科技有限责任公司,2016-05-20,11:26:04,20145.0
3919167,网络附加存储（NAS）中高档,DCN,NCS4600,"DCN, NCS4600",国家无线电监测中心,1,344464.0,北京思达睿智系统集成有限公司,2016-05-04,10:45:21,344464.0
3918748,网络附加存储（NAS）中高档,EMC,X210,"EMC, X210",华侨大学,1,433000.0,深圳市卓优数据科技有限公司,2016-06-13,17:01:15,433000.0
3918739,网络附加存储（NAS）中高档,海康威视,DS-A71036R,"海康威视, DS-A71036R",海口出入境边防检查总站,4,34000.0,海南易建科技股份有限公司,2016-06-14,15:04:05,136000.0
3918740,网络附加存储（NAS）中高档,海康威视,DS-A71048R,"海康威视, DS-A71048R",大连海事大学,9,43500.0,大连恒泰世纪信息技术有限公司,2016-04-27,11:51:24,391500.0
3917878,网络附加存储（NAS）中高档,NetStor,NCS5000,"NetStor, NCS5000",中国食品药品检定研究院,1,480000.0,捷迅高科（北京）信息技术有限公司,2016-04-28,08:12:09,480000.0
3917849,网络附加存储（NAS）中高档,AMAX,Servmax R XG-32301ST,"AMAX, Servmax R XG-32301ST",中国科学院深圳先进技术研究院,1,36800.0,东莞超博电子科技有限公司,2016-07-21,17:11:56,36800.0
3917849,网络附加存储（NAS）中高档,AMAX,Servmax R XG-32301ST,"AMAX, Servmax R XG-32301ST",中国科学院深圳先进技术研究院,1,36800.0,东莞超博电子科技有限公司,2016-05-30,13:14:02,36800.0
3917848,网络附加存储（NAS）中高档,AMAX,Servmax R XG-22302ST,"AMAX, Servmax R XG-22302ST",中国科学技术大学,1,35400.0,安徽时代中佳科贸有限责任公司,2016-07-25,11:47:30,35400.0
3917848,网络附加存储（NAS）中高档,AMAX,Servmax R XG-22302ST,"AMAX, Servmax R XG-22302ST",浙江大学,1,35400.0,浙江同力信息科技有限公司,2016-06-03,15:38:29,35400.0
3917848,网络附加存储（NAS）中高档,AMAX,Servmax R XG-22302ST,"AMAX, Servmax R XG-22302ST",浙江大学,1,35400.0,浙江同力信息科技有限公司,2016-06-03,15:21:12,35400.0
3917736,网络附加存储（NAS）中高档,爱数（eisoo）,VXP2400,"爱数（eisoo）, VXP2400",中国银行业监督管理委员会云南监管局,1,430000.0,云南思酷瑞特科技有限公司,2016-06-22,17:00:03,430000.0
3917736,网络附加存储（NAS）中高档,爱数（eisoo）,VXP2400,"爱数（eisoo）, VXP2400",山东大学,1,200000.0,山东魔方网络科技有限公司,2016-03-22,10:44:36,200000.0
3917520,网络附加存储（NAS）中高档,华为,OceanStor 9000 P25+48GB缓存+21.6TB SAS &200GB SSD硬盘,"华为, OceanStor 9000 P25+48GB缓存+21.6TB SAS &200GB SSD硬盘",国家测绘地理信息局卫星测绘应用中心,1,421658.39,北京鑫智盛世科技有限公司,2016-03-28,11:11:16,421658.39
3917520,网络附加存储（NAS）中高档,华为,OceanStor 9000 P25+48GB缓存+21.6TB SAS &200GB SSD硬盘,"华为, OceanStor 9000 P25+48GB缓存+21.6TB SAS &200GB SSD硬盘",国家测绘地理信息局卫星测绘应用中心,1,421658.39,北京鑫智盛世科技有限公司,2016-03-28,11:09:16,421658.39
3917520,网络附加存储（NAS）中高档,华为,OceanStor 9000 P25+48GB缓存+21.6TB SAS &200GB SSD硬盘,"华为, OceanStor 9000 P25+48GB缓存+21.6TB SAS &200GB SSD硬盘",国家测绘地理信息局卫星测绘应用中心,1,421658.39,北京鑫智盛世科技有限公司,2016-03-28,11:07:18,421658.39
3917192,网络附加存储（NAS）中高档,惠普,HP StoreEasy 1650 48TB SAS Strg,"惠普, HP StoreEasy 1650 48TB SAS Strg",中国银行业监督管理委员会徐州监管分局,1,67000.0,南京汉略信息技术有限公司,2016-07-27,11:45:11,67000.0
3917192,网络附加存储（NAS）中高档,惠普,HP StoreEasy 1650 48TB SAS Strg,"惠普, HP StoreEasy 1650 48TB SAS Strg",泰州出入境检验检疫局,1,67000.0,北京慧点数码科技有限公司,2016-05-18,17:02:01,67000.0
3917192,网络附加存储（NAS）中高档,惠普,HP StoreEasy 1650 48TB SAS Strg,"惠普, HP StoreEasy 1650 48TB SAS Strg",国家新闻出版广电总局二0二二台,1,67000.0,北京众和永业科技发展有限公司,2016-03-10,11:38:59,67000.0
3917191,网络附加存储（NAS）中高档,惠普,HP StoreEasy 1650 16TB SAS Strg,"惠普, HP StoreEasy 1650 16TB SAS Strg",北京大学第三医院,1,53200.0,北京众和永业科技发展有限公司,2016-08-15,15:13:51,53200.0
3916443,网络附加存储（NAS）中高档,DFT（迪菲特）,NS-1804E-R1E,"DFT（迪菲特）, NS-1804E-R1E",中国科学技术信息研究所,4,83000.0,深圳市参盟科技有限公司,2016-07-18,15:06:45,332000.0
3916443,网络附加存储（NAS）中高档,DFT（迪菲特）,NS-1804E-R1E,"DFT（迪菲特）, NS-1804E-R1E",中国科学技术信息研究所,1,83000.0,北京弘信晟达科技有限公司,2016-06-12,10:20:12,83000.0
3916264,网络附加存储（NAS）中高档,MacroSAN（宏杉）,MS3000 G2,"MacroSAN（宏杉）, MS3000 G2",北京化工大学,1,143050.0,北京金商祺科技股份有限公司,2016-05-11,14:36:58,143050.0
3921658,网络附加存储（NAS）低档,inspur浪潮,AS530N,"inspur浪潮, AS530N",中国环境监测总站,1,78293.0,北京传奇天地科技有限公司,2016-06-16,16:50:31,78293.0
3921658,网络附加存储（NAS）低档,inspur浪潮,AS530N,"inspur浪潮, AS530N",云南省气候中心,1,78293.0,昆明鸿致科技有限责任公司,2016-05-10,13:38:58,78293.0
3921357,网络附加存储（NAS）低档,戴尔,Dell Storage NX3330,"戴尔, Dell Storage NX3330",黄埔海关驻长安办事处,1,36515.0,广州盛富和科技有限公司,2016-07-01,09:38:45,36515.0
3921357,网络附加存储（NAS）低档,戴尔,Dell Storage NX3330,"戴尔, Dell Storage NX3330",中国科学院上海应用物理研究所,1,36515.0,上海承蓝科技股份有限公司,2016-06-14,10:17:43,36515.0
3921357,网络附加存储（NAS）低档,戴尔,Dell Storage NX3330,"戴尔, Dell Storage NX3330",北京航空航天大学,1,36515.0,北京至成恒业科技发展有限公司,2016-06-13,09:34:53,36515.0
3921357,网络附加存储（NAS）低档,戴尔,Dell Storage NX3330,"戴尔, Dell Storage NX3330",中国科学技术大学,1,36515.0,安徽新美达信息科技有限公司,2016-04-15,17:17:56,36515.0
3921357,网络附加存储（NAS）低档,戴尔,Dell Storage NX3330,"戴尔, Dell Storage NX3330",中国科学院水生生物研究所,2,36515.0,武汉盖威尔信息科技有限公司,2016-04-05,14:09:15,73030.0
3920798,网络附加存储（NAS）低档,Cenby新邦,SNT3508(阵列安全NAS)桌面网络存储 16TB,"Cenby新邦, SNT3508(阵列安全NAS)桌面网络存储 16TB",中国电子口岸数据中心西宁分中心,1,13800.0,北京新体验数码科技有限公司,2016-06-03,14:03:34,13800.0
3920825,网络附加存储（NAS）低档,NetApp,FAS2500-R6,"NetApp, FAS2500-R6",教育部学位与研究生教育发展中心,2,96500.0,大有祥云（北京）科技有限公司,2016-07-04,15:55:20,193000.0
3920829,网络附加存储（NAS）低档,量子（ESPAN）,NS-EI36S1,"量子（ESPAN）, NS-EI36S1",国家新闻出版广电总局广播科学研究院,2,43250.0,量子创新（北京）信息技术有限公司,2016-06-14,11:10:50,86500.0
3920613,网络附加存储（NAS）低档,ChangHong,ChangHong FAS2552,"ChangHong, ChangHong FAS2552",华北电力大学,1,175000.0,北京友邦佳通电子科技有限公司,2016-05-12,16:46:40,175000.0
3919378,网络附加存储（NAS）低档,曙光,DS600-G,"曙光, DS600-G",北京师范大学,1,31200.0,北京维深思远科技有限公司,2016-06-21,07:01:03,31200.0
3919378,网络附加存储（NAS）低档,曙光,DS600-G,"曙光, DS600-G",浙江大学,2,31200.0,浙江同力信息科技有限公司,2016-05-10,15:32:38,62400.0
3919330,网络附加存储（NAS）低档,LTHPC（联泰集群）,LT-5028A-TN4,"LTHPC（联泰集群）, LT-5028A-TN4",贵州省六盘水市国家税务局,1,6795.0,联泰集群（北京）科技有限责任公司,2016-03-28,10:10:29,6795.0
3919297,网络附加存储（NAS）低档,群晖synology,DS1815+,"群晖synology, DS1815+",中国农业科学院农业资源与农业区划研究所,1,28214.0,北京太步科技发展有限责任公司,2016-08-17,15:45:06,28214.0
3919297,网络附加存储（NAS）低档,群晖synology,DS1815+,"群晖synology, DS1815+",北京师范大学,1,28214.0,北京众和永业科技发展有限公司,2016-08-16,16:34:21,28214.0
3919297,网络附加存储（NAS）低档,群晖synology,DS1815+,"群晖synology, DS1815+",中国气象科学研究院,1,28214.0,北京鑫维嘉信科技有限公司,2016-08-16,14:45:55,28214.0
3919297,网络附加存储（NAS）低档,群晖synology,DS1815+,"群晖synology, DS1815+",中国科学院光电研究院,1,29800.0,北京瑞易恒源网络科技有限公司,2016-07-22,12:02:56,29800.0
3919297,网络附加存储（NAS）低档,群晖synology,DS1815+,"群晖synology, DS1815+",中国气象科学研究院,1,29800.0,北京海博明科技有限公司,2016-07-20,15:22:33,29800.0
3919297,网络附加存储（NAS）低档,群晖synology,DS1815+,"群晖synology, DS1815+",中国证券监督管理委员会上海证券监管专员办事处,1,29800.0,北京百德科技有限公司,2016-07-19,17:13:46,29800.0
3919297,网络附加存储（NAS）低档,群晖synology,DS1815+,"群晖synology, DS1815+",中国科学院生态环境研究中心,1,29800.0,北京天和志业科技发展有限公司,2016-07-19,12:53:04,29800.0
3919297,网络附加存储（NAS）低档,群晖synology,DS1815+,"群晖synology, DS1815+",中国气象科学研究院,3,29800.0,北京网信未来信息技术有限公司,2016-07-12,16:20:55,89400.0
3919297,网络附加存储（NAS）低档,群晖synology,DS1815+,"群晖synology, DS1815+",中华人民共和国北海海关,1,29800.0,北京百德科技有限公司,2016-06-14,15:37:05,29800.0
3919297,网络附加存储（NAS）低档,群晖synology,DS1815+,"群晖synology, DS1815+",浙江大学,1,29800.0,北京百德科技有限公司,2016-06-08,11:09:35,29800.0
3919297,网络附加存储（NAS）低档,群晖synology,DS1815+,"群晖synology, DS1815+",中国疾病预防控制中心辐射防护与核安全医学所,1,29800.0,北京瑞科远东科技有限公司,2016-06-07,16:18:07,29800.0
3919297,网络附加存储（NAS）低档,群晖synology,DS1815+,"群晖synology, DS1815+",中国民用航空新疆空中交通管理局,1,29800.0,北京百德科技有限公司,2016-06-02,11:46:09,29800.0
3919297,网络附加存储（NAS）低档,群晖synology,DS1815+,"群晖synology, DS1815+",中华人民共和国绍兴海关,1,29800.0,北京百德科技有限公司,2016-05-30,14:56:57,29800.0
3919297,网络附加存储（NAS）低档,群晖synology,DS1815+,"群晖synology, DS1815+",中国科学院软件研究所,1,29800.0,北京海博明科技有限公司,2016-05-16,17:25:32,29800.0
3919297,网络附加存储（NAS）低档,群晖synology,DS1815+,"群晖synology, DS1815+",宁波市气象服务中心,1,29800.0,北京百德科技有限公司,2016-05-16,16:11:04,29800.0
3919297,网络附加存储（NAS）低档,群晖synology,DS1815+,"群晖synology, DS1815+",北京师范大学,1,29800.0,北京海博明科技有限公司,2016-05-04,11:35:09,29800.0
3919297,网络附加存储（NAS）低档,群晖synology,DS1815+,"群晖synology, DS1815+",杭州海关机关服务处,1,29800.0,北京百德科技有限公司,2016-03-18,11:31:42,29800.0
3919297,网络附加存储（NAS）低档,群晖synology,DS1815+,"群晖synology, DS1815+",中华全国总工会办公厅,1,29800.0,北京科望世纪科技发展有限公司,2016-02-24,15:18:22,29800.0
3919297,网络附加存储（NAS）低档,群晖synology,DS1815+,"群晖synology, DS1815+",中国国民党革命委员会中央委员会,1,29800.0,北京优士创新科技发展有限公司,2016-01-25,16:18:06,29800.0
3919095,网络附加存储（NAS）低档,PowerLeader（宝德）,GS9124IS,"PowerLeader（宝德）, GS9124IS",中国人民大学出版社有限公司,1,52800.0,北京海内天地科技有限责任公司,2016-04-22,09:17:32,52800.0
3919095,网络附加存储（NAS）低档,PowerLeader（宝德）,GS9124IS,"PowerLeader（宝德）, GS9124IS",中国银行业监督管理委员会益阳监管分局,1,52000.0,北京中科金茂科技有限公司,2016-03-30,14:23:39,52000.0
3918749,网络附加存储（NAS）低档,EMC,VNX5600,"EMC, VNX5600",深圳出入境边防检查总站,1,360000.0,深圳市天锐计算机技术有限公司,2016-05-27,09:17:08,360000.0
3917949,网络附加存储（NAS）低档,i2,i2Box,"i2, i2Box",新华网股份有限公司,1,153600.0,北京开莱兴业科技有限公司,2016-05-31,09:39:31,153600.0
3917903,网络附加存储（NAS）低档,Lenovo（联想）,Lenovo VNX5200-U,"Lenovo（联想）, Lenovo VNX5200-U",中国科学技术大学,1,227810.0,安徽时代中佳科贸有限责任公司,2016-04-07,10:05:37,227810.0
3917738,网络附加存储（NAS）低档,爱数（eisoo）,VXP1200,"爱数（eisoo）, VXP1200",交通运输部北海救助局,1,218000.0,烟台思杰网络技术有限公司,2016-08-05,15:04:55,218000.0
3917738,网络附加存储（NAS）低档,爱数（eisoo）,VXP1200,"爱数（eisoo）, VXP1200",财政部驻湖北省财政监察专员办事处,1,185000.0,武汉宇辰方慧信息科技有限公司,2016-07-12,11:07:17,185000.0
3917738,网络附加存储（NAS）低档,爱数（eisoo）,VXP1200,"爱数（eisoo）, VXP1200",交通运输部东海航海保障中心连云港航标处,1,218500.0,江苏群立世纪科技发展有限公司,2016-05-24,17:37:44,218500.0
3917738,网络附加存储（NAS）低档,爱数（eisoo）,VXP1200,"爱数（eisoo）, VXP1200",山东大学,1,135000.0,山东魔方网络科技有限公司,2016-03-22,10:44:36,135000.0
3917584,网络附加存储（NAS）低档,紫光,UStor N1016,"紫光, UStor N1016",中国国土资源经济研究院,1,55000.0,北京天和志业科技发展有限公司,2016-06-28,11:35:42,55000.0
3917521,网络附加存储（NAS）低档,华为,OceanStor 9000 P12+32GB缓存+22TB SATA &200GB SSD硬盘,"华为, OceanStor 9000 P12+32GB缓存+22TB SATA &200GB SSD硬盘",北京医院,2,248949.33,北京兴海云达科技有限公司,2016-05-12,15:47:03,497898.66
3917193,网络附加存储（NAS）低档,惠普,HP StoreEasy 1450 8TB SATA Strg,"惠普, HP StoreEasy 1450 8TB SATA Strg",中国科学院近代物理研究所,1,46000.0,兰州宇科数码科技有限责任公司,2016-06-30,11:34:54,46000.0
3917193,网络附加存储（NAS）低档,惠普,HP StoreEasy 1450 8TB SATA Strg,"惠普, HP StoreEasy 1450 8TB SATA Strg",人力资源和社会保障部人事考试中心,2,47000.0,北京慧点数码科技有限公司,2016-05-11,11:57:03,94000.0
3916938,网络附加存储（NAS）低档,天融信,TDSM-DBFW-21019,"天融信, TDSM-DBFW-21019",中华人民共和国宁波海事局,1,92050.0,宁波华力信息系统工程有限公司,2016-08-02,15:06:06,92050.0
3916825,网络附加存储（NAS）低档,数普（Supool）,US1700,"数普（Supool）, US1700",国家气象信息中心,1,38880.0,北京辉蓝保盈科技发展有限公司,2016-06-08,10:03:22,38880.0
3916825,网络附加存储（NAS）低档,数普（Supool）,US1700,"数普（Supool）, US1700",中国地质科学院矿产资源研究所,1,38880.0,北京易时杰科技发展有限公司,2016-04-22,17:19:47,38880.0
3916825,网络附加存储（NAS）低档,数普（Supool）,US1700,"数普（Supool）, US1700",农业部渔业渔政管理局,1,38880.0,北京长得万众信息技术有限公司,2016-03-16,09:20:29,38880.0
3919366,虚拟磁带库中档及以上,曙光,DBstor100,"曙光, DBstor100",江苏省镇江市国家税务局,1,249500.0,南京优之杰科技资讯有限公司,2016-07-28,12:39:39,249500.0
3918750,虚拟磁带库中档及以上,EMC,DD4200,"EMC, DD4200",中华人民共和国黑龙江出入境检验检疫局,1,577500.0,四川长虹佳华数字技术有限公司,2016-06-24,10:15:57,577500.0
3917883,虚拟磁带库中档及以上,NetStor,NRS2100,"NetStor, NRS2100",北京大学第三医院,1,429600.0,北京东海岸技术开发有限责任公司,2016-05-18,10:47:01,429600.0
3917525,虚拟磁带库中档及以上,华为,OceanStor VTL6900(增强版+20TB容量,"华为, OceanStor VTL6900(增强版+20TB容量",国土资源实物地质资料中心,1,390300.19,北京众和永业科技发展有限公司,2016-06-14,16:08:03,390300.19
3921662,虚拟磁带库低档,inspur浪潮,DP1000-M1,"inspur浪潮, DP1000-M1",中国广播影视出版社,1,207679.0,北京英信未来科技有限公司,2016-05-27,13:36:58,207679.0
3921662,虚拟磁带库低档,inspur浪潮,DP1000-M1,"inspur浪潮, DP1000-M1",大连海事大学,1,207679.0,大连金河汇达电子有限公司,2016-05-17,16:38:49,207679.0
3916940,虚拟磁带库低档,天融信,TMB-0619-P,"天融信, TMB-0619-P",文化部信息中心,2,188300.0,北京鼎和时代信息技术有限公司,2016-07-29,18:05:38,376600.0
3920601,光纤交换机高档,ChangHong,ChangHong BR6510,"ChangHong, ChangHong BR6510",中央人民广播电台,4,142819.0,北京开莱兴业科技有限公司,2016-08-11,08:56:11,571276.0
3920601,光纤交换机高档,ChangHong,ChangHong BR6510,"ChangHong, ChangHong BR6510",海关总署物资装备采购中心,2,184500.0,北京久钰恒兴科技有限公司,2016-06-20,13:45:42,369000.0
3920601,光纤交换机高档,ChangHong,ChangHong BR6510,"ChangHong, ChangHong BR6510",工业和信息化部电信研究院,2,184500.0,北京众和永业科技发展有限公司,2016-06-07,10:53:28,369000.0
3920601,光纤交换机高档,ChangHong,ChangHong BR6510,"ChangHong, ChangHong BR6510",国家无线电监测中心,1,184500.0,北京远桥科技有限公司,2016-04-27,12:43:09,184500.0
3919341,光纤交换机高档,曙光,曙光6510光纤交换机,"曙光, 曙光6510光纤交换机",中国科学院理化技术研究所,1,133640.0,北京众和永业科技发展有限公司,2016-04-11,10:47:52,133640.0
3917528,光纤交换机高档,华为,OceanStor SNS2248,"华为, OceanStor SNS2248",国家药典委员会,2,190965.17,北京兴海云达科技有限公司,2016-06-24,14:12:55,381930.34
3917528,光纤交换机高档,华为,OceanStor SNS2248,"华为, OceanStor SNS2248",国土资源实物地质资料中心,1,190965.17,北京博泰弘毅科技有限公司,2016-06-02,11:01:25,190965.17
3917528,光纤交换机高档,华为,OceanStor SNS2248,"华为, OceanStor SNS2248",北京交通大学,1,190965.17,北京博泰弘毅科技有限公司,2016-03-16,11:04:03,190965.17
3916532,光纤交换机高档,博科,BR-6510-24-8G-R,"博科, BR-6510-24-8G-R",中华人民共和国河北出入境检验检疫局,1,156819.0,北京华腾网云科技有限公司,2016-07-19,11:30:18,156819.0
3916532,光纤交换机高档,博科,BR-6510-24-8G-R,"博科, BR-6510-24-8G-R",孔子学院总部,1,156819.0,北京华腾网云科技有限公司,2016-06-02,12:23:04,156819.0
3916532,光纤交换机高档,博科,BR-6510-24-8G-R,"博科, BR-6510-24-8G-R",中华人民共和国黑龙江出入境检验检疫局,1,156819.0,北京华腾网云科技有限公司,2016-05-24,09:36:18,156819.0
3916532,光纤交换机高档,博科,BR-6510-24-8G-R,"博科, BR-6510-24-8G-R",国家基础地理信息中心,1,156819.0,北京华腾网云科技有限公司,2016-04-18,10:14:51,156819.0
3921665,光纤交换机中低档,inspur浪潮,FS5900,"inspur浪潮, FS5900",交通运输部南海航海保障中心,1,70000.0,广州帝博瑞克系统集成有限公司,2016-07-29,11:34:41,70000.0
3921665,光纤交换机中低档,inspur浪潮,FS5900,"inspur浪潮, FS5900",国家卫生计生委统计信息中心,1,70416.0,北京德康世纪科技有限公司,2016-06-28,14:34:45,70416.0
3921665,光纤交换机中低档,inspur浪潮,FS5900,"inspur浪潮, FS5900",继教院,1,40000.0,成都天奥科技开发有限公司,2016-06-21,09:58:21,40000.0
3921665,光纤交换机中低档,inspur浪潮,FS5900,"inspur浪潮, FS5900",中国广告联合有限责任公司,1,57800.0,北京轩辕盛世科技有限责任公司,2016-04-28,10:24:21,57800.0
3921665,光纤交换机中低档,inspur浪潮,FS5900,"inspur浪潮, FS5900",中国社会报社,1,57000.0,北京良源鼎鑫科技有限公司,2016-04-25,17:38:08,57000.0
3921665,光纤交换机中低档,inspur浪潮,FS5900,"inspur浪潮, FS5900",国家安全生产监督管理总局通信信息中心,2,57010.0,北京九川信和科技有限公司,2016-04-22,22:19:24,114020.0
3921664,光纤交换机中低档,inspur浪潮,FS6500,"inspur浪潮, FS6500",1038单位,1,133600.0,北京海石花实业开发公司,2016-05-12,15:35:27,133600.0
3921359,光纤交换机中低档,戴尔,Dell Brocade 300,"戴尔, Dell Brocade 300",中国科学院南海海洋研究所,1,49600.0,广州宇拓信息科技有限公司,2016-07-22,11:16:10,49600.0
3921359,光纤交换机中低档,戴尔,Dell Brocade 300,"戴尔, Dell Brocade 300",中华人民共和国北仑海关,1,50059.0,宁波市中欣数码科技有限公司,2016-07-19,15:35:02,50059.0
3921359,光纤交换机中低档,戴尔,Dell Brocade 300,"戴尔, Dell Brocade 300",故宫博物院,1,50000.0,北京网信未来信息技术有限公司,2016-06-28,10:26:15,50000.0
3921359,光纤交换机中低档,戴尔,Dell Brocade 300,"戴尔, Dell Brocade 300",中华人民共和国西宁海关,1,49600.0,甘肃亿佰乐电子科技工程有限公司,2016-06-08,10:17:40,49600.0
3921359,光纤交换机中低档,戴尔,Dell Brocade 300,"戴尔, Dell Brocade 300",化学工业出版社,1,50059.0,北京胜创致远科技有限公司,2016-04-05,16:43:42,50059.0
3921360,光纤交换机中低档,戴尔,Dell Brocade 6505,"戴尔, Dell Brocade 6505",中华人民共和国天津出入境检验检疫局,2,96506.0,天津海泰天功系统工程科技有限公司,2016-08-08,11:29:58,193012.0
3919343,光纤交换机中低档,曙光,曙光300光纤交换机,"曙光, 曙光300光纤交换机",浙江省气象台,1,36679.0,杭州衢信电子科技有限公司,2016-08-17,08:22:42,36679.0
3919343,光纤交换机中低档,曙光,曙光300光纤交换机,"曙光, 曙光300光纤交换机",中国科学院自动化研究所,1,39000.0,北京众和永业科技发展有限公司,2016-06-08,15:47:53,39000.0
3919343,光纤交换机中低档,曙光,曙光300光纤交换机,"曙光, 曙光300光纤交换机",中国科学院地球环境研究所,1,36731.0,西安海望网络科技有限公司,2016-04-12,11:14:58,36731.0
3919342,光纤交换机中低档,曙光,曙光6505光纤交换机,"曙光, 曙光6505光纤交换机",中国气象局上海台风研究所,2,72410.0,上海盛举信息科技有限公司,2016-06-29,20:14:48,144820.0
3919342,光纤交换机中低档,曙光,曙光6505光纤交换机,"曙光, 曙光6505光纤交换机",中华版权代理中心,2,72410.0,北京新伟佳业科技有限公司,2016-05-11,11:32:16,144820.0
3917909,光纤交换机中低档,Lenovo（联想）,Lenovo B300,"Lenovo（联想）, Lenovo B300",北京一三一八单位,2,36406.0,北京奇点宏业科技有限公司,2016-07-22,12:57:00,72812.0
3917909,光纤交换机中低档,Lenovo（联想）,Lenovo B300,"Lenovo（联想）, Lenovo B300",北京交通大学,1,36406.0,北京华航创新科技有限责任公司,2016-06-20,09:24:05,36406.0
3917909,光纤交换机中低档,Lenovo（联想）,Lenovo B300,"Lenovo（联想）, Lenovo B300",水利部水利水电规划设计总院,2,36406.0,北京北方怡合信息技术有限公司,2016-06-15,11:20:42,72812.0
3917909,光纤交换机中低档,Lenovo（联想）,Lenovo B300,"Lenovo（联想）, Lenovo B300",北京一三一八单位,2,36406.0,北京奇点宏业科技有限公司,2016-05-10,10:46:41,72812.0
3917909,光纤交换机中低档,Lenovo（联想）,Lenovo B300,"Lenovo（联想）, Lenovo B300",义乌出入境检验检疫局,1,36406.0,杭州孚莲信息科技有限公司,2016-04-26,10:11:36,36406.0
3917909,光纤交换机中低档,Lenovo（联想）,Lenovo B300,"Lenovo（联想）, Lenovo B300",北京一三一八单位,2,36406.0,北京奇点宏业科技有限公司,2016-04-05,10:23:10,72812.0
3917909,光纤交换机中低档,Lenovo（联想）,Lenovo B300,"Lenovo（联想）, Lenovo B300",北京一三一八单位,1,36406.0,北京奇点宏业科技有限公司,2016-03-31,13:28:59,36406.0
3917909,光纤交换机中低档,Lenovo（联想）,Lenovo B300,"Lenovo（联想）, Lenovo B300",榆林市气象局,2,36406.0,西安志诚电子有限责任公司,2016-01-27,09:27:08,72812.0
3917909,光纤交换机中低档,Lenovo（联想）,Lenovo B300,"Lenovo（联想）, Lenovo B300",北京科技大学,1,36406.0,北京开莱兴业科技有限公司,2016-01-21,09:50:41,36406.0
3917909,光纤交换机中低档,Lenovo（联想）,Lenovo B300,"Lenovo（联想）, Lenovo B300",中国康复研究中心,2,36406.0,北京开莱兴业科技有限公司,2016-01-20,11:45:34,72812.0
3917909,光纤交换机中低档,Lenovo（联想）,Lenovo B300,"Lenovo（联想）, Lenovo B300",中国康复研究中心,2,36406.0,北京开莱兴业科技有限公司,2016-01-13,14:15:50,72812.0
3917529,光纤交换机中低档,华为,OceanStor SNS2224,"华为, OceanStor SNS2224",国家新闻出版广电总局二〇二四台,1,72498.63,北京趋势未来科技发展有限公司,2016-08-05,09:32:09,72498.63
3917529,光纤交换机中低档,华为,OceanStor SNS2224,"华为, OceanStor SNS2224",国家新闻出版广电总局八七一台,1,72498.0,海南盛荣昊信息工程有限公司,2016-06-23,15:05:55,72498.0
3917529,光纤交换机中低档,华为,OceanStor SNS2224,"华为, OceanStor SNS2224",交通运输部东海航海保障中心连云港航标处,2,71950.0,南京云赛软件有限公司,2016-05-24,15:25:32,143900.0
3917529,光纤交换机中低档,华为,OceanStor SNS2224,"华为, OceanStor SNS2224",大连海事大学,2,72400.0,大连联创世纪信息系统有限公司,2016-05-17,08:19:37,144800.0
3917529,光纤交换机中低档,华为,OceanStor SNS2224,"华为, OceanStor SNS2224",青岛海洋地质研究所,1,72498.63,山东美承数码科技有限公司,2016-04-26,16:03:40,72498.63
3917529,光纤交换机中低档,华为,OceanStor SNS2224,"华为, OceanStor SNS2224",北京航空航天大学,1,70000.0,北京思达睿智系统集成有限公司,2016-04-20,09:32:14,70000.0
3917529,光纤交换机中低档,华为,OceanStor SNS2224,"华为, OceanStor SNS2224",国家气候中心,2,72498.63,北京胜世嘉业科技有限责任公司,2016-03-14,09:21:37,144997.26
3917531,光纤交换机中低档,华为,OceanStor SNS2124,"华为, OceanStor SNS2124",新闻出版总署信息中心,1,29358.26,北京科源众力科技有限公司,2016-07-25,16:44:46,29358.26
3917531,光纤交换机中低档,华为,OceanStor SNS2124,"华为, OceanStor SNS2124",财政部驻湖北省财政监察专员办事处,2,29358.26,武汉光谷信息技术股份有限公司,2016-07-13,14:01:07,58716.52
3917531,光纤交换机中低档,华为,OceanStor SNS2124,"华为, OceanStor SNS2124",中国地质调查局南京地质调查中心,1,29358.26,南京嘉志德电子科技有限公司,2016-06-14,11:17:52,29358.26
3917531,光纤交换机中低档,华为,OceanStor SNS2124,"华为, OceanStor SNS2124",中华人民共和国陕西出入境检验检疫局,2,29358.26,陕西西华科创软件技术有限公司,2016-05-20,13:34:03,58716.52
3917531,光纤交换机中低档,华为,OceanStor SNS2124,"华为, OceanStor SNS2124",国家林业局,2,29358.0,北京开莱兴业科技有限公司,2016-03-02,15:40:15,58716.0
3917201,光纤交换机中低档,惠普,HP 8/24 Base (16) Full Fabric Ports Enabled SAN Switch,"惠普, HP 8/24 Base (16) Full Fabric Ports Enabled SAN Switch",人民交通出版社股份有限公司,2,44450.0,北京锐网时代科技发展有限公司,2016-08-12,18:27:21,88900.0
3917201,光纤交换机中低档,惠普,HP 8/24 Base (16) Full Fabric Ports Enabled SAN Switch,"惠普, HP 8/24 Base (16) Full Fabric Ports Enabled SAN Switch",全国工商联,1,46800.0,北京开泰创新科技有限公司,2016-06-24,11:40:30,46800.0
3917201,光纤交换机中低档,惠普,HP 8/24 Base (16) Full Fabric Ports Enabled SAN Switch,"惠普, HP 8/24 Base (16) Full Fabric Ports Enabled SAN Switch",中国银行业监督管理委员会山东监管局,2,46800.0,济南程远天旭科技有限公司,2016-06-15,11:54:26,93600.0
3917201,光纤交换机中低档,惠普,HP 8/24 Base (16) Full Fabric Ports Enabled SAN Switch,"惠普, HP 8/24 Base (16) Full Fabric Ports Enabled SAN Switch",中华人民共和国重庆出入境检验检疫局,2,46800.0,重庆创想科技发展有限公司,2016-06-13,16:12:44,93600.0
3917201,光纤交换机中低档,惠普,HP 8/24 Base (16) Full Fabric Ports Enabled SAN Switch,"惠普, HP 8/24 Base (16) Full Fabric Ports Enabled SAN Switch",中华人民共和国哈尔滨海关,4,46800.0,哈尔滨惠鑫伟业科技开发有限公司,2016-06-13,15:40:17,187200.0
3917201,光纤交换机中低档,惠普,HP 8/24 Base (16) Full Fabric Ports Enabled SAN Switch,"惠普, HP 8/24 Base (16) Full Fabric Ports Enabled SAN Switch",山东煤矿安全监察局,1,46800.0,济南程远天旭科技有限公司,2016-04-19,11:13:29,46800.0
3917200,光纤交换机中低档,惠普,HP SN3000B 16Gb 24-port/12-port Active Fibre Channel Switch,"惠普, HP SN3000B 16Gb 24-port/12-port Active Fibre Channel Switch",孔子学院总部,3,62800.0,北京华氏未来信息技术有限公司,2016-05-09,17:17:02,188400.0
3917200,光纤交换机中低档,惠普,HP SN3000B 16Gb 24-port/12-port Active Fibre Channel Switch,"惠普, HP SN3000B 16Gb 24-port/12-port Active Fibre Channel Switch",孔子学院总部,1,62800.0,北京华氏未来信息技术有限公司,2016-02-26,17:44:58,62800.0
3916870,光纤交换机中低档,超云,BR-360-0008-A,"超云, BR-360-0008-A",中国科学院深圳先进技术研究院,4,40000.0,北京天地超云科技有限公司,2016-07-21,11:46:47,160000.0
3916870,光纤交换机中低档,超云,BR-360-0008-A,"超云, BR-360-0008-A",中国科学院深圳先进技术研究院,4,36771.0,深圳市华科博创信息科技有限公司,2016-06-06,09:46:20,147084.0
3916534,光纤交换机中低档,博科,BR-360-0008,"博科, BR-360-0008",国家海洋环境监测中心,2,81350.0,沈阳中晨数字商贸有限公司,2016-07-26,10:12:01,162700.0
3916534,光纤交换机中低档,博科,BR-360-0008,"博科, BR-360-0008",中国轻工业联合会,1,81350.0,北京华腾网云科技有限公司,2016-07-19,17:38:23,81350.0
3916534,光纤交换机中低档,博科,BR-360-0008,"博科, BR-360-0008",工业和信息化部电信研究院,1,81350.0,北京瑞海合创科技有限责任公司,2016-06-21,17:15:34,81350.0
3916534,光纤交换机中低档,博科,BR-360-0008,"博科, BR-360-0008",上海出入境检验检疫局,2,81350.0,北京优兆科技有限公司,2016-06-12,10:18:30,162700.0
3916534,光纤交换机中低档,博科,BR-360-0008,"博科, BR-360-0008",国家林业局机关服务中心,2,81350.0,北京华腾网云科技有限公司,2016-05-31,11:05:56,162700.0
3916534,光纤交换机中低档,博科,BR-360-0008,"博科, BR-360-0008",工业和信息化部电信研究院,1,81350.0,北京瑞海合创科技有限责任公司,2016-05-25,16:22:29,81350.0
3916534,光纤交换机中低档,博科,BR-360-0008,"博科, BR-360-0008",工业和信息化部电信研究院,1,81350.0,北京瑞海合创科技有限责任公司,2016-05-25,14:15:36,81350.0
3916534,光纤交换机中低档,博科,BR-360-0008,"博科, BR-360-0008",中国食品药品检定研究院,2,81350.0,北京华腾网云科技有限公司,2016-05-10,13:44:05,162700.0
3916534,光纤交换机中低档,博科,BR-360-0008,"博科, BR-360-0008",大连海事大学,2,80000.0,金锐同创（北京）科技股份有限公司,2016-04-19,10:11:31,160000.0
3916534,光纤交换机中低档,博科,BR-360-0008,"博科, BR-360-0008",大连海事大学,2,80000.0,金锐同创（北京）科技股份有限公司,2016-04-19,10:10:08,160000.0
3916533,光纤交换机中低档,博科,BR-6505-12-8G-0R,"博科, BR-6505-12-8G-0R",中国兽医药品监察所,1,87194.0,北京胜世嘉业科技有限责任公司,2016-06-17,10:52:16,87194.0
3916533,光纤交换机中低档,博科,BR-6505-12-8G-0R,"博科, BR-6505-12-8G-0R",中华人民共和国河北出入境检验检疫局,2,87194.0,北京华腾网云科技有限公司,2016-06-07,14:53:27,174388.0
3916533,光纤交换机中低档,博科,BR-6505-12-8G-0R,"博科, BR-6505-12-8G-0R",工业和信息化部电信研究院,2,87194.0,北京优兆科技有限公司,2016-05-18,15:28:51,174388.0
